periodo,inflacion
Feb.1949,1.11731843575451
Mar.1949,0.552486187845131
Abr.1949,3.29670329670299
May.1949,1.59574468085121
Jun.1949,1.57068062827239
Jul.1949,1.54639175257688
Ago.1949,3.04568527918812
Sep.1949,0.985221674877113
Oct.1949,-0.487804878049175
Nov.1949,2.9411764705885
Dic.1949,0.476190476190346
Ene.1950,1.42180094786743
Feb.1950,-1.22413910825604
Mar.1950,0.126852539486031
Abr.1950,-0.304060763310905
May.1950,1.35973764441123
Jun.1950,-0.307164960760066
Jul.1950,0.293439445422227
Ago.1950,-1.06374115546744
Sep.1950,0.257704852751774
Oct.1950,4.63308283225919
Nov.1950,1.24038473361157
Dic.1950,1.03822777896478
Ene.1951,2.89173201620861
Feb.1951,-0.748053423353188
Mar.1951,0.281429513096118
Abr.1951,0.451714678283891
May.1951,0.156910897032769
Jun.1951,0.89604694520994
Jul.1951,0.155273746797357
Ago.1951,0.761929792859788
Sep.1951,0.639834990877161
Oct.1951,0.393392675508999
Nov.1951,0.796701659678074
Dic.1951,0.965435970368252
Ene.1952,0.277371938328633
Feb.1952,0.282064469443158
Mar.1952,0.749451298134725
Abr.1952,0.324207398995111
May.1952,0.662477487459215
Jun.1952,0.501168337817371
Jul.1952,0.897959003328976
Ago.1952,1.05529768319985
Sep.1952,0.539543147250299
Oct.1952,0.0865560808630592
Nov.1952,0.790438753875574
Dic.1952,0.391261936582301
Ene.1953,0.319652525093796
Feb.1953,0.148241467909965
Mar.1953,0.251807896971868
Abr.1953,0.130678946258035
May.1953,7.59152562430696
Jun.1953,-0.534035180098831
Jul.1953,0.0205891963720927
Ago.1953,-0.305606965647285
Sep.1953,0.673443546349037
Oct.1953,0.320270042695375
Nov.1953,-0.0408889193528374
Dic.1953,-0.0346121990389898
Ene.1954,0.524087451929757
Feb.1954,0.454032935454179
Mar.1954,0.0155855446134223
Abr.1954,0.969270295696744
May.1954,0.0509306614627832
Jun.1954,-0.189735737879483
Jul.1954,0.910299049120011
Ago.1954,0.23586009867235
Sep.1954,0.462969936922917
Oct.1954,0.670722477532444
Nov.1954,0.444168951151272
Dic.1954,0.180491788480303
Ene.1955,0.355829341513706
Feb.1955,0.459291896049759
Mar.1955,0.492933716455794
Abr.1955,0.585358621715443
May.1955,0.437569230749138
Jun.1955,0.177492076020893
Jul.1955,-0.0527140911350025
Ago.1955,0.271034558211965
Sep.1955,0.410566721016032
Oct.1955,0.507835755105866
Nov.1955,0.215716967663893
Dic.1955,0.492624831316879
Ene.1956,0.783473992100314
Feb.1956,0.289557338908175
Mar.1956,0.443749109870004
Abr.1956,0.535244009963557
May.1956,0.480281457030357
Jun.1956,0.445746544999336
Jul.1956,0.73961410401688
Ago.1956,0.59704391513106
Sep.1956,0.739465467659025
Oct.1956,0.563172621020824
Nov.1956,-0.0706820457147306
Dic.1956,0.432553072458139
Ene.1957,1.1024581073876
Feb.1957,0.576029282834128
Mar.1957,1.39985861864712
Abr.1957,0.55037428950118
May.1957,0.0692367073714361
Jun.1957,0.715386282226036
Jul.1957,1.04212565908217
Ago.1957,1.21866735387565
Sep.1957,-0.14574682962635
Oct.1957,-0.370610117506178
Nov.1957,0.175803017039112
Dic.1957,0.36116217154733
Ene.1958,1.02636907999338
Feb.1958,1.66187955655975
Mar.1958,0.699533690172864
Abr.1958,0.438612375893699
May.1958,0.550140922588201
Jun.1958,0.921994425647242
Jul.1958,1.27779800874824
Ago.1958,1.65216658184215
Sep.1958,-0.631677272982046
Oct.1958,-0.352509768810002
Nov.1958,1.03886597529069
Dic.1958,0.4143082329609
Ene.1959,1.0483496661152
Feb.1959,0.532538806064163
Mar.1959,1.09719125295889
Abr.1959,1.2312707034035
May.1959,1.36721358204496
Jun.1959,1.60794062546177
Jul.1959,1.75398611221248
Ago.1959,6.14833209230668
Sep.1959,0.0492398509318509
Oct.1959,0.613687933521474
Nov.1959,0.126780610717882
Dic.1959,0.182452834396777
Ene.1960,0.676731000000069
Feb.1960,0.039539999999973
Mar.1960,0.0395250000000166
Abr.1960,-0.615350999999917
May.1960,0.222619999999991
Jun.1960,0.0049579999998881
Jul.1960,0.72484599999997
Ago.1960,1.33687700000017
Sep.1960,0.962714999999891
Oct.1960,0.952573000000084
Nov.1960,-0.98170999999995
Dic.1960,-0.918288000000048
Ene.1961,1.74707199999981
Feb.1961,0.390244000000126
Mar.1961,1.55490800000008
Abr.1961,1.24401899999998
May.1961,1.13421600000004
Jun.1961,-1.682243
Jul.1961,0.47528499999982
Ago.1961,0.85146600000006
Sep.1961,0.844278000000013
Oct.1961,-0.558140000000106
Nov.1961,1.02899900000016
Dic.1961,1.48148099999989
Ene.1962,1.18613100000016
Feb.1962,0.811541999999861
Mar.1962,0.536673000000105
Abr.1962,0.355871999999942
May.1962,0.177304999999924
Jun.1962,0.442477999999994
Jul.1962,0.17621100000014
Ago.1962,-0.791556999999999
Sep.1962,-0.0886520000001318
Oct.1962,0.887311000000101
Nov.1962,0.439753999999943
Dic.1962,0.612959999999903
Ene.1963,1.56658000000006
Feb.1963,0.0
Mar.1963,1.79948600000008
Abr.1963,0.16834999999988
May.1963,-0.336133999999897
Jun.1963,-0.590219000000046
Jul.1963,1.10262900000005
Ago.1963,0.503355999999948
Sep.1963,0.500834999999926
Oct.1963,1.49501700000019
Nov.1963,1.30932899999994
Dic.1963,0.969305000000068
Ene.1964,1.52
Feb.1964,0.31520899999989
Mar.1964,0.628437000000085
Abr.1964,0.780639999999896
May.1964,1.00697100000004
Jun.1964,0.23006100000003
Jul.1964,0.765111000000084
Ago.1964,1.67046299999992
Sep.1964,0.224048000000111
Oct.1964,0.0745159999998692
Nov.1964,-0.0744600000000183
Dic.1964,3.57675100000005
Ene.1965,2.73381300000007
Feb.1965,1.82072799999991
Mar.1965,2.13204999999996
Abr.1965,3.23232300000008
May.1965,0.782778999999894
Jun.1965,-0.194174999999981
Jul.1965,0.389105000000013
Ago.1965,0.193798000000081
Sep.1965,-0.193424000000013
Oct.1965,1.2919899999999
Nov.1965,1.02040800000004
Dic.1965,0.820706999999996
Ene.1966,0.688791000000037
Feb.1966,1.18159200000004
Mar.1966,0.491703000000025
Abr.1966,0.61162099999991
May.1966,0.121581000000032
Jun.1966,0.303581999999994
Jul.1966,1.33171899999996
Ago.1966,1.37395500000001
Sep.1966,-0.117854999999998
Oct.1966,0.825959000000007
Nov.1966,-0.0585139999999339
Dic.1966,0.702575999999918
Ene.1967,1.68406500000007
Feb.1967,0.0096850000000137
Mar.1967,0.890954999999962
Abr.1967,0.508735000000056
May.1967,1.59488099999998
Jun.1967,0.404210999999953
Jul.1967,0.486846000000116
Ago.1967,0.354047999999943
Sep.1967,6.42465899999997
Oct.1967,2.54732600000009
Nov.1967,0.944278999999923
Dic.1967,3.32041099999996
Ene.1968,1.53344200000008
Feb.1968,0.618572999999919
Mar.1968,1.10977999999998
Abr.1968,0.718572000000017
May.1968,0.784006000000084
Jun.1968,2.58265300000001
Jul.1968,1.27398199999996
Ago.1968,0.59902700000001
Sep.1968,-0.401935000000037
Oct.1968,0.194304999999979
Nov.1968,0.0372940000000462
Dic.1968,0.365344000000044
Ene.1969,0.393729999999997
Feb.1969,0.44398399999996
Mar.1969,1.41446900000002
Abr.1969,1.60540499999999
May.1969,0.121541000000004
Jun.1969,-0.285633000000032
Jul.1969,-0.157547999999947
Ago.1969,-0.351456000000004
Sep.1969,-0.316705999999988
Oct.1969,0.498230999999936
Nov.1969,0.740049000000046
Dic.1969,1.47635699999999
Ene.1970,0.632555999999948
Feb.1970,-0.363178999999981
Mar.1970,0.602832000000026
Abr.1970,0.425027999999964
May.1970,-0.215083999999972
Jun.1970,1.06383000000006
Jul.1970,0.240797999999984
Ago.1970,0.363761000000318
Sep.1970,0.861656000000128
Oct.1970,0.800053999999564
Nov.1970,0.363221000000245
Dic.1970,0.703705999999591
Ene.1971,0.432584000000213
Feb.1971,0.530116999999776
Mar.1971,0.771207999999881
Abr.1971,0.202773000000498
May.1971,0.41778199999962
Jun.1971,0.461547999999765
Jul.1971,1.59182100000075
Ago.1971,0.687897999999456
Sep.1971,-0.600962000000082
Oct.1971,0.814612000000117
Nov.1971,0.934283999999853
Dic.1971,1.18206300000071
Ene.1972,0.56249199999922
Feb.1972,0.952732000000501
Mar.1972,4.262056
Abr.1972,-2.85564099999982
May.1972,-0.895702000000485
Jun.1972,1.36479400000022
Jul.1972,-0.68218500000044
Ago.1972,0.349461000000161
Sep.1972,1.09876900000051
Oct.1972,0.62358899999979
Nov.1972,-0.720061000000264
Dic.1972,0.32697199999987
Ene.1973,0.906613000000092
Feb.1973,1.07463700000035
Mar.1973,1.94631699999998
Abr.1973,0.928933999999971
May.1973,2.14567999999986
Jun.1973,1.33775600000031
Jul.1973,1.00370899999949
Ago.1973,0.78310700000006
Sep.1973,1.51117300000029
Oct.1973,0.464551999999785
Nov.1973,0.746150999999847
Dic.1973,0.130392000000399
Ene.1974,1.81939399999993
Feb.1974,2.2640099999999
Mar.1974,1.5094680000002
Abr.1974,1.53208400000014
May.1974,2.50310699999944
Jun.1974,2.26879100000013
Jul.1974,0.821338000000357
Ago.1974,0.369531000000044
Sep.1974,1.22165499999944
Oct.1974,0.0909320000002735
Nov.1974,1.89957100000012
Dic.1974,1.37785700000013
Ene.1975,2.80620399999971
Feb.1975,3.58503799999979
Mar.1975,1.40390400000008
Abr.1975,2.0063670000003
May.1975,1.48062099999969
Jun.1975,1.70218900000033
Jul.1975,4.88748199999993
Ago.1975,1.42138799999971
Sep.1975,0.97177200000017
Oct.1975,0.982060999999901
Nov.1975,0.35010400000042
Dic.1975,0.213205999999619
Ene.1976,6.9370120000003
Feb.1976,2.07391299999985
Mar.1976,1.60652099999989
Abr.1976,0.685927000000377
May.1976,0.577333999999627
Jun.1976,0.585500000000115
Jul.1976,13.7134049999999
Ago.1976,3.89440900000004
Sep.1976,3.43445100000009
Oct.1976,2.26964899999993
Nov.1976,0.940681999999885
Dic.1976,1.52454200000021
Ene.1977,3.53800899999997
Feb.1977,1.523498
Mar.1977,2.12802000000016
Abr.1977,1.56483499999987
May.1977,1.79410700000001
Jun.1977,7.28280099999994
Jul.1977,2.86655200000002
Ago.1977,2.76484299999994
Sep.1977,1.51161100000022
Oct.1977,1.05318199999987
Nov.1977,1.46667999999997
Dic.1977,1.09176200000011
Ene.1978,7.46223500000004
Feb.1978,4.9904509999998
Mar.1978,2.48695400000002
Abr.1978,2.41496700000013
May.1978,13.29015
Jun.1978,4.61669600000003
Jul.1978,3.88561300000004
Ago.1978,4.41865299999988
Sep.1978,5.05590700000015
Oct.1978,3.96281199999983
Nov.1978,2.28826900000011
Dic.1978,2.10653299999998
Ene.1979,5.75095299999992
Feb.1979,5.23973100000004
Mar.1979,4.95830500000001
Abr.1979,4.91801700000008
May.1979,3.58274899999999
Jun.1979,3.00924299999995
Jul.1979,7.57261800000006
Ago.1979,3.02974999999996
Sep.1979,4.38059899999998
Oct.1979,3.97784899999971
Nov.1979,3.9515400000003
Dic.1979,1.95110500000034
Ene.1980,6.01195799999967
Feb.1980,3.93262799999967
Mar.1980,3.36752900000044
Abr.1980,2.5746129999996
May.1980,2.37677899999987
Jun.1980,3.19134400000047
Jul.1980,4.07486099999991
Ago.1980,4.40632600000012
Sep.1980,7.81164099999959
Oct.1980,3.81259900000001
Nov.1980,4.2073670000004
Dic.1980,2.81734400000012
Ene.1981,11.6990929999996
Feb.1981,4.68742900000036
Mar.1981,6.44191799999979
Abr.1981,3.94467600000003
May.1981,4.42091199999982
Jun.1981,3.13666400000017
Jul.1981,3.724824
Ago.1981,3.64744899999984
Sep.1981,3.03967900000001
Oct.1981,4.33921800000017
Nov.1981,3.76976600000006
Dic.1981,3.32500299999985
Ene.1982,4.49222800000011
Feb.1982,3.84745700000007
Mar.1982,6.44757899999987
Abr.1982,4.34105399999988
May.1982,3.13746600000023
Jun.1982,4.5345609999998
Jul.1982,4.242521
Ago.1982,4.44221800000017
Sep.1982,4.71821999999977
Oct.1982,6.91673600000025
Nov.1982,4.52141499999996
Dic.1982,4.45766799999992
Ene.1983,7.63943400000001
Feb.1983,7.75483700000001
Mar.1983,9.93338500000007
Abr.1983,7.80384699999987
May.1983,5.33427600000013
Jun.1983,7.78881199999997
Jul.1983,8.17459499999996
Ago.1983,8.80353200000005
Sep.1983,6.83305900000027
Oct.1983,4.86284900000006
Nov.1983,4.63402699999988
Dic.1983,4.52622699999963
Ene.1984,7.30319199999979
Feb.1984,8.31679500000053
Mar.1984,6.94729699999967
Abr.1984,5.59979000000043
May.1984,6.1451769999998
Jun.1984,5.97107500000015
Jul.1984,4.58499899999983
Ago.1984,7.71922400000001
Sep.1984,4.77691799999969
Oct.1984,5.55357500000044
Nov.1984,7.00514899999993
Dic.1984,7.42391899999974
Ene.1985,13.9303110000001
Feb.1985,9.48727600000006
Mar.1985,8.14603899999978
Abr.1985,12.2050870000001
May.1985,10.9042350000001
Jun.1985,11.7893189999999
Jul.1985,10.3384330000001
Ago.1985,10.801077
Sep.1985,3.52659799999995
Oct.1985,2.97977099999997
Nov.1985,2.717437
Dic.1985,2.792323
Ene.1986,5.15332900000005
Feb.1986,4.220497
Mar.1986,5.25640699999999
Abr.1986,4.05967700000004
May.1986,3.34558699999996
Jun.1986,3.55709399999999
Jul.1986,4.59158400000001
Ago.1986,3.966679
Sep.1986,3.56838500000001
Oct.1986,3.96126600000001
Nov.1986,3.55882899999997
Dic.1986,4.58301799999969
Ene.1987,6.56982200000029
Feb.1987,5.58920299999987
Mar.1987,5.33521100000044
Abr.1987,6.59146400000006
May.1987,5.90768799999955
Jun.1987,4.6856579999999
Jul.1987,7.31099300000026
Ago.1987,7.36492799999996
Sep.1987,6.47144399999997
Oct.1987,6.36940400000034
Nov.1987,7.13171799999984
Dic.1987,9.55025599999966
Ene.1988,12.7730290000001
Feb.1988,11.8301110000003
Mar.1988,22.5995449999997
Abr.1988,17.91587
May.1988,8.51307900000008
Jun.1988,8.81295199999999
Jul.1988,30.9041440000001
Ago.1988,21.7060249999999
Sep.1988,114.119936
Oct.1988,40.6012699999999
Nov.1988,24.405941
Dic.1988,41.8678830000002
Ene.1989,47.3240967805554
Feb.1989,42.4918672820311
Mar.1989,41.9918803671828
Abr.1989,48.6352519360503
May.1989,28.6123854692883
Jun.1989,23.0512733768167
Jul.1989,24.5813860470385
Ago.1989,25.0631359472634
Sep.1989,26.8600411649774
Oct.1989,23.2511038283384
Nov.1989,25.8399516514184
Dic.1989,33.7519834411318
Ene.1990,29.8475872523971
Feb.1990,30.5299193619525
Mar.1990,32.6467085702272
Abr.1990,37.2985783603751
May.1990,32.7888107198576
Jun.1990,42.5839107168371
Jul.1990,63.2324510782063
Ago.1990,396.983300661002
Sep.1990,13.7703631558657
Oct.1990,9.61531553519477
Nov.1990,5.93104043095762
Dic.1990,23.728978149534
Ene.1991,17.8303183904422
Feb.1991,9.42215039557921
Mar.1991,7.70014006069563
Abr.1991,5.84001101901627
May.1991,7.63884569796622
Jun.1991,9.26002556656567
Jul.1991,9.05701090853562
Ago.1991,7.24000146253827
Sep.1991,5.56013464938576
Oct.1991,3.95196151045434
Nov.1991,3.96002510206594
Dic.1991,3.7396353498394
Ene.1992,3.54002853231395
Feb.1992,4.7400681071198
Mar.1992,7.4437266033177
Abr.1992,3.17296987647826
May.1992,3.43782237284888
Jun.1992,3.58688082830486
Jul.1992,3.47712348842514
Ago.1992,2.82643354904487
Sep.1992,2.61974395182081
Oct.1992,3.63819738212015
Nov.1992,3.54000959300443
Dic.1992,3.84907733823542
Ene.1993,4.84589225398449
Feb.1993,2.93362832451449
Mar.1993,4.23644450571025
Abr.1993,4.42712271285083
May.1993,3.03276240035284
Jun.1993,1.81702860872113
Jul.1993,2.73918722922906
Ago.1993,2.53385970641619
Sep.1993,1.62080274674091
Oct.1993,1.50806823789613
Nov.1993,1.60404553292355
Dic.1993,2.51231337910364
Ene.1994,1.83702370579953
Feb.1994,1.82069274880277
Mar.1994,2.32443084440025
Abr.1994,1.54494696586015
May.1994,0.715743256311981
Jun.1994,1.14059726495498
Jul.1994,0.88990053655863
Ago.1994,1.53292997999301
Sep.1994,0.515142017302331
Oct.1994,0.286726321076534
Nov.1994,1.22079136165556
Dic.1994,0.587265312980318
Ene.1995,0.37218895964413
Feb.1995,1.13629082069731
Mar.1995,1.37202008279658
Abr.1995,0.984568368501361
May.1995,0.834709379667257
Jun.1995,0.80871399675041
Jul.1995,0.570153653149095
Ago.1995,1.03777966756928
Sep.1995,0.391477525371082
Oct.1995,0.509066848574622
Nov.1995,1.24306308112158
Dic.1995,0.524231560414627
Ene.1996,1.24252929215258
Feb.1996,1.53377089327565
Mar.1996,1.38016008068806
Abr.1996,0.871250415785672
May.1996,0.727497482161767
Jun.1996,0.465475843861846
Jul.1996,1.3740002357244
Ago.1996,0.924343150960851
Sep.1996,0.324125026606232
Oct.1996,0.73455444018433
Nov.1996,0.467974670962691
Dic.1996,1.20555598840566
Ene.1997,0.481117808526294
Feb.1997,0.0889326527140429
Mar.1997,1.27402137010558
Abr.1997,0.387249189499862
May.1997,0.755114874369127
Jun.1997,1.08618552666057
Jul.1997,0.828705778113957
Ago.1997,0.226747108337744
Sep.1997,0.292477474548417
Oct.1997,0.15152129121305
Nov.1997,0.0776479507717348
Dic.1997,0.637988512227144
Ene.1998,0.906308625080416
Feb.1998,1.2345973404546
Mar.1998,1.31883834272452
Abr.1998,0.611108966736479
May.1998,0.593463046071857
Jun.1998,0.530383115493562
Jul.1998,0.628066197414205
Ago.1998,0.264439114904386
Sep.1998,-0.537979681583654
Oct.1998,-0.334866805125127
Nov.1998,0.0304124107578572
Dic.1998,0.620053194065186
Ene.1999,0.0140197774558612
Feb.1999,0.314952668203413
Mar.1999,0.612096117102903
Abr.1999,0.589683280905897
May.1999,0.47116932199969
Jun.1999,0.179608882976976
Jul.1999,0.26323532837242
Ago.1999,0.17110172517886
Sep.1999,0.459977143302169
Oct.1999,-0.120769165978816
Nov.1999,0.277376967580518
Dic.1999,0.434504667066089
Ene.2000,0.0693050238804463
Feb.2000,0.480129721708806
Mar.2000,0.541257555051251
Abr.2000,0.511596493912442
May.2000,0.0167610619695399
Jun.2000,0.0642858193216525
Jul.2000,0.516321695554497
Ago.2000,0.468062459912847
Sep.2000,0.556060943387338
Oct.2000,0.232666781905678
Nov.2000,0.0638129892072254
Dic.2000,0.154269642024931
Ene.2001,0.187682725895343
Feb.2001,0.245363989945725
Mar.2001,0.507909790260205
Abr.2001,-0.416332241327616
May.2001,0.0242745902062011
Jun.2001,-0.0574327127808657
Jul.2001,0.172749461786946
Ago.2001,-0.302979802579702
Sep.2001,0.0627580784532065
Oct.2001,0.0374765471179385
Nov.2001,-0.492865923281919
Dic.2001,-0.0914908811446983
Ene.2002,-0.519926047972999
Feb.2002,-0.0393221119922242
Mar.2002,0.538413318061006
Abr.2002,0.729318055314061
May.2002,0.138820487362231
Jun.2002,-0.227279784713555
Jul.2002,0.0343089708431314
Ago.2002,0.100892982535932
Sep.2002,0.473554347925694
Oct.2002,0.717962266727918
Nov.2002,-0.399371832716929
Dic.2002,-0.0325467618273512
Ene.2003,0.231420046118308
Feb.2003,0.46882483892474
Mar.2003,1.11778013265111
Abr.2003,-0.0508569452831183
May.2003,-0.0320251089200153
Jun.2003,-0.473129433766294
Jul.2003,-0.149217088179842
Ago.2003,0.0134559645732165
Sep.2003,0.558598319929901
Oct.2003,0.0490321174092103
Nov.2003,0.167684500456277
Dic.2003,0.563950788732549
Ene.2004,0.53744744109991
Feb.2004,1.08608494836444
Mar.2004,0.460448535433247
Abr.2004,-0.0227700751417853
May.2004,0.353844717142609
Jun.2004,0.563807028141432
Jul.2004,0.19310861236674
Ago.2004,-0.0095406379315006
Sep.2004,0.016689712460702
Oct.2004,-0.0237470889112576
Nov.2004,0.287008149265566
Dic.2004,-0.0093554202060037
Ene.2005,0.100149504761279
Feb.2005,-0.2346203515206
Mar.2005,0.650196153407443
Abr.2005,0.118823702025535
May.2005,0.12633045900575
Jun.2005,0.263742227071237
Jul.2005,0.104611293091209
Ago.2005,-0.179605723612108
Sep.2005,-0.0942785605012846
Oct.2005,0.144780473631634
Nov.2005,0.0680447024625712
Dic.2005,0.41922503429934
Ene.2006,0.499608846028134
Feb.2006,0.548277704216064
Mar.2006,0.457162631141614
Abr.2006,0.510007190746034
May.2006,-0.527951846100242
Jun.2006,-0.132537237586119
Jul.2006,-0.17044035636352
Ago.2006,0.13934667530607
Sep.2006,0.0273681222498222
Oct.2006,0.0437894195875647
Nov.2006,-0.282155165945056
Dic.2006,0.0258117661108955
Ene.2007,0.0094278706569336
Feb.2007,0.25946729961008
Mar.2007,0.348835470333003
Abr.2007,0.178206800195308
May.2007,0.491871629879991
Jun.2007,0.469692062317829
Jul.2007,0.475545229813074
Ago.2007,0.136907638047225
Sep.2007,0.612500624383494
Oct.2007,0.314014669403244
Nov.2007,0.111007166747877
Dic.2007,0.453104937624353
Ene.2008,0.222046237637442
Feb.2008,0.907018256710701
Mar.2008,1.04185066180591
Abr.2008,0.154220132610723
May.2008,0.369491179954231
Jun.2008,0.769602394432851
Jul.2008,0.555471918982357
Ago.2008,0.590485120627808
Sep.2008,0.567201348170299
Oct.2008,0.613128730631335
Nov.2008,0.309023518807206
Dic.2008,0.360223443699306
Ene.2009,0.105779087549192
Feb.2009,-0.0747867011977923
Mar.2009,0.360219096293319
Abr.2009,0.0190113387638141
May.2009,-0.0430059879071317
Jun.2009,-0.339576397635527
Jul.2009,0.186688283246876
Ago.2009,-0.207404080346908
Sep.2009,-0.0871865178354843
Oct.2009,0.122626055714729
Nov.2009,-0.112067511656828
Dic.2009,0.317106553518078
Ene.2010,0.295916358843193
Feb.2010,0.322508087876127
Mar.2010,0.280812098247149
Abr.2010,0.0253574343372818
May.2010,0.237859799840972
Jun.2010,0.25084872902545
Jul.2010,0.363955387679499
Ago.2010,0.268515340301766
Sep.2010,-0.0320081184717505
Oct.2010,-0.141721635707217
Nov.2010,0.0079054058141417
Dic.2010,0.178465894473198
Ene.2011,0.390436430112132
Feb.2011,0.38232131500092
Mar.2011,0.70246827579307
Abr.2011,0.680913006312609
May.2011,-0.023705939231349
Jun.2011,0.0991430632533504
Jul.2011,0.792952335352793
Ago.2011,0.26581819673157
Sep.2011,0.334184450724357
Oct.2011,0.314850475426423
Nov.2011,0.431423021984299
Dic.2011,0.270908693685631
Ene.2012,-0.101321658058542
Feb.2012,0.32490889268749
Mar.2012,0.766016269027565
Abr.2012,0.531540157871349
May.2012,0.03926077503556
Jun.2012,-0.0366953058830012
Jul.2012,0.0903588612568951
Ago.2012,0.508401059841231
Sep.2012,0.542706494983504
Oct.2012,-0.163323292399981
Nov.2012,-0.137468673524668
Dic.2012,0.258775005035199
Ene.2013,0.115417675695559
Feb.2013,-0.0871433108554979
Mar.2013,0.905940864216695
Abr.2013,0.252386434513867
May.2013,0.193585595743532
Jun.2013,0.261797703601153
Jul.2013,0.548478702276045
Ago.2013,0.54290503863184
Sep.2013,0.108780375955996
Oct.2013,0.0382722950763035
Nov.2013,-0.218243304450852
Dic.2013,0.165817500674368
Ene.2014,0.316846515378193
Feb.2014,0.60083869624388
Mar.2014,0.518558879929413
Abr.2014,0.393222043698289
May.2014,0.225030490782512
Jun.2014,0.159177501068276
Jul.2014,0.433312575620032
Ago.2014,-0.0856196342018747
Sep.2014,0.160502508704002
Oct.2014,0.378858336021168
Nov.2014,-0.149460647587778
Dic.2014,0.228891578078382
Ene.2015,0.170295685735701
Feb.2015,0.30346893023652
Mar.2015,0.764664131404038
Abr.2015,0.390506491415774
May.2015,0.564365427803757
Jun.2015,0.332341348473706
Jul.2015,0.450786388967827
Ago.2015,0.377226121085694
Sep.2015,0.0275381794493309
Oct.2015,0.142799384312569
Nov.2015,0.344071735952856
Dic.2015,0.445721499061671
Ene.2016,0.37252021115541
Feb.2016,0.174091242706681
Mar.2016,0.598118099213
Abr.2016,0.0114065609758854
May.2016,0.209563738332199
Jun.2016,0.139508528737671
Jul.2016,0.081747041914584
Ago.2016,0.358285853821853
Sep.2016,0.206464092392192
Oct.2016,0.413354520523768
Nov.2016,0.290064059118052
Dic.2016,0.33419524609934
Ene.2017,0.237843060107308
Feb.2017,0.323171371975582
Mar.2017,1.30455818519093
Abr.2017,-0.258053478882145
May.2017,-0.423337988013419
Jun.2017,-0.159198769026384
Jul.2017,0.198285823750627
Ago.2017,0.672225629676554
Sep.2017,-0.0157699757397503
Oct.2017,-0.469245219484567
Nov.2017,-0.197237337488294
Dic.2017,0.156851858043552
Ene.2018,0.127417107488591
Feb.2018,0.250220520720826
Mar.2018,0.487124356837782
Abr.2018,-0.137073083858309
May.2018,0.0184551804113629
Jun.2018,0.334058214668909
Jul.2018,0.382785985925354
Ago.2018,0.131767259402052
Sep.2018,0.191681610790045
Oct.2018,0.0816835303769421
Nov.2018,0.122438003210824
Dic.2018,0.181777270585084
Ene.2019,0.0653322898985492
Feb.2019,0.126761453780625
Mar.2019,0.727552259105356
Abr.2019,0.200080537447719
May.2019,0.14761382269664
Jun.2019,-0.0862718704256484
Jul.2019,0.203336703292959
Ago.2019,0.0609772736582818
Sep.2019,0.0063829985801787
Oct.2019,0.110725430948253
Nov.2019,0.108910232526761
Dic.2019,0.214521161156722
Ene.2020,0.0538080667322616
Feb.2020,0.142172034360178
Mar.2020,0.645999987966259
Abr.2020,0.104582684852522
May.2020,0.204153570879042
Jun.2020,-0.266096854987984
Jul.2020,0.462688397344215
Ago.2020,-0.110238965197723
Sep.2020,0.136353971354613
Oct.2020,0.0167755516523417
Nov.2020,0.520479581391504
Dic.2020,0.0487327395330378
Ene.2021,0.742901704166242
Feb.2021,-0.125265562868538
Mar.2021,0.839468767410369
Abr.2021,-0.104691802721501
May.2021,0.266557522263624
Jun.2021,0.51967163414861
Jul.2021,1.00753906510749
Ago.2021,0.98493531236659
Sep.2021,0.40042251687241
Oct.2021,0.58366506925955
Nov.2021,0.358183580426998
Dic.2021,0.782835268325123
Ene.2022,0.0372679999999974
Feb.2022,0.311455926605271
Mar.2022,1.48265988924236
Abr.2022,0.961893177341858
May.2022,0.384024966018986
Jun.2022,1.19062710636316
Jul.2022,0.940891085039107
Ago.2022,0.666542107665968
Sep.2022,0.522557852684368
Oct.2022,0.347652348101841
Nov.2022,0.517639656505263
Dic.2022,0.793924170395989
Ene.2023,0.226446521871514
Feb.2023,0.29452251053137
Mar.2023,1.25348677152025
Abr.2023,0.556251880069387
May.2023,0.31786146413237
Jun.2023,-0.152769746155551
Jul.2023,0.391066276983018
Ago.2023,0.376132603479856
Sep.2023,0.0164026333286269
Oct.2023,-0.322447443370826
Nov.2023,-0.163060842314584
Dic.2023,0.405777961086682
Ene.2024,0.0192113272793558
Feb.2024,0.557510800936321
Mar.2024,1.00938516188575
Abr.2024,-0.0516715997229469
May.2024,-0.0907064485030323
Jun.2024,0.121741927959431
Jul.2024,0.236268738691571
Ago.2024,0.284170528141876
Sep.2024,-0.237560474773851
Oct.2024,-0.0931035230159262
Nov.2024,0.0941530377317251
Dic.2024,0.105667996950954
Ene.2025,-0.0933179134509413
Feb.2025,0.188012094871704
Mar.2025,0.810159321766145
Abr.2025,0.31806633832046
May.2025,-0.0564746187563057
Jun.2025,0.128679643778829
Jul.2025,0.231431002364371
Ago.2025,-0.29025398690341
Sep.2025,0.0111517897177685
Oct.2025,-0.0996274056654658
Nov.2025,0.110781919406383
Dic.2025,0.244108583947482
Ene.2026,0.0957671016980487
Feb.2026,0.693626297343638
Mar.2026,2.37869353004195
Abr.2026,0.5206244057768
May.2026,-0.161296536091238
Jun.2026,0.228762258659176
Jul.2026,0.285631233162494
Ago.2026,0.0668060620400374
